<?xml version="1.0" encoding="UTF-8"?>
<project-private xmlns="http://www.netbeans.org/ns/project-private/1">
    <editor-bookmarks xmlns="http://www.netbeans.org/ns/editor-bookmarks/2" lastBookmarkId="0"/>
    <open-files xmlns="http://www.netbeans.org/ns/projectui-open-files/2">
        <group>
            <file>file:/C:/Users/tauro/Desktop/TecNMCOax/10DECIMOSEMESTRE/Graficacion/U3/Archivos%20iniciales/Laberinto%20OpenGL/Laberinto%20OpenGL/src/futuroingeniero/Examen2.java</file>
            <file>file:/C:/Users/tauro/Desktop/TecNMCOax/10DECIMOSEMESTRE/Graficacion/U3/Archivos%20iniciales/Laberinto%20OpenGL/Laberinto%20OpenGL/src/futuroingeniero/Camera.java</file>
            <file>file:/C:/Users/tauro/Desktop/TecNMCOax/10DECIMOSEMESTRE/Graficacion/U3/Archivos%20iniciales/Laberinto%20OpenGL/Laberinto%20OpenGL/src/futuroingeniero/Main.java</file>
        </group>
    </open-files>
</project-private>
